label,count,ratio
2,7744,0.6490654597267622
1,2398,0.20098902019948034
0,1789,0.14994552007375744
