label,count,ratio
neutral,1391,0.6143992932862191
positive,570,0.25176678445229683
negative,303,0.1338339222614841
